<?xml version="1.0" encoding="utf-8"?>
<bwFrame xmlns:xsi="http://www.w3.org/2001/XMLSchema-instance" xmlns:xsd="http://www.w3.org/2001/XMLSchema" default_layout="pxabnsnfns00001100111" textdirection="ltr" device="false" fontscale="100" kbshortcuts="false" skip_nav_enabled="true" chromeless="false" outputtype="undefined" theme="unified">
  <layouts>
    <layout name="npnxnanbsnfns10111101111" font="Lato" controllayout="npnxnanbsnfns10111101111" colorscheme="pxabnsnfns00001100111" string_table="pxabnsnfns00001100111" />
    <layout name="pxabnsnfns10111101111" font="Lato" controllayout="pxabnsnfns10111101111" colorscheme="pxabnsnfns00001100111" string_table="pxabnsnfns00001100111" />
    <layout name="npxnabnsnfns10111101111" font="Lato" controllayout="npxnabnsnfns10111101111" colorscheme="pxabnsnfns00001100111" string_table="pxabnsnfns00001100111" />
    <layout name="npnxnanbnsnfns10111101111" font="Lato" controllayout="npnxnanbnsnfns10111101111" colorscheme="pxabnsnfns00001100111" string_table="pxabnsnfns00001100111" />
    <layout name="pxabnsnfns10111101110" font="Lato" controllayout="pxabnsnfns10111101110" colorscheme="pxabnsnfns00001100111" string_table="pxabnsnfns00001100111" />
    <layout name="npnxnanbsnfns00001100111" font="Lato" controllayout="npnxnanbsnfns00001100111" colorscheme="pxabnsnfns00001100111" string_table="pxabnsnfns00001100111" />
    <layout name="pxabnsnfns00001100111" font="Lato" controllayout="pxabnsnfns00001100111" colorscheme="pxabnsnfns00001100111" string_table="pxabnsnfns00001100111" />
  </layouts>
  <control_options>
    <optiongroups>
      <optiongroup name="sidebaroptions">
        <options>
          <option name="title_enabled" value="true">
            <options>
              <option name="title_text" value="Finding Data Tutorial" />
            </options>
          </option>
          <option name="logo_enabled" value="false">
            <options />
          </option>
          <option name="sidebar_enabled" value="true">
            <options>
              <option name="sidebarpos" value="left" />
              <option name="closed" value="false" />
            </options>
          </option>
          <optionlist name="tabs">
            <listitems>
              <listitem name="resources" value="true" group="linkright" />
              <listitem name="transcript" value="true" group="linkright" />
              <listitem name="outline" value="true" group="sidebar" />
              <listitem name="glossary" value="false" group="sidebar" />
            </listitems>
          </optionlist>
          <option name="time_enabled" value="false">
            <options>
              <option name="time_format" value="elapsed" />
            </options>
          </option>
          <option name="video_enabled" value="false">
            <options>
              <option name="height" value="135" />
            </options>
          </option>
        </options>
      </optiongroup>
      <optiongroup name="menuoptions">
        <options>
          <option name="flow" value="free" />
          <option name="wraplistitems" value="false" />
          <option name="tooltips" value="true" />
          <option name="autocollapse" value="true" />
          <option name="autonumber" value="false" />
          <option name="enableresultsicons" value="true" />
        </options>
      </optiongroup>
      <optiongroup name="controls">
        <options>
          <option name="volume" value="true" />
          <option name="seekbar" value="true">
            <options>
              <option name="readonly" value="false" />
              <option name="readonlyOnce" value="false" />
            </options>
          </option>
          <option name="pauseplay" value="true" />
          <option name="replay" value="true" />
          <option name="search" value="true" />
          <option name="closed_captions" value="true">
            <options>
              <option name="font" value="Lato" />
            </options>
          </option>
        </options>
      </optiongroup>
      <optiongroup name="bottombaroptions">
        <options>
          <option name="bottombar_enabled" value="true" />
        </options>
      </optiongroup>
      <optiongroup name="buttonoptions">
        <options>
          <option name="next" value="icon" />
          <option name="previous" value="icon" />
          <option name="submit" value="icon" />
        </options>
      </optiongroup>
    </optiongroups>
  </control_options>
  <control_layouts>
    <control_layout name="npnxnanbsnfns10111101111">
      <control name="volume" enabled="true" />
      <control name="seekbar" enabled="true" />
      <control name="replay" enabled="true" />
      <control name="pauseplay" enabled="true" />
      <control name="logo" enabled="false" />
      <control name="previous" enabled="false" />
      <control name="next" enabled="false" />
      <control name="swipeleft" enabled="false" />
      <control name="swiperight" enabled="false" />
      <control name="submit" enabled="true" />
      <control name="finish" enabled="false" />
      <control name="submitall" enabled="false" />
      <control name="resources" enabled="true" />
      <control name="glossary" enabled="false" />
      <control name="transcript" enabled="true" />
      <control name="outline" enabled="true">
        <controls>
          <control name="search" enabled="true" />
        </controls>
      </control>
      <control name="close_btn" enabled="true" />
    </control_layout>
    <control_layout name="pxabnsnfns10111101111">
      <control name="volume" enabled="true" />
      <control name="seekbar" enabled="true" />
      <control name="replay" enabled="true" />
      <control name="pauseplay" enabled="true" />
      <control name="logo" enabled="false" />
      <control name="previous" enabled="true" />
      <control name="next" enabled="true" />
      <control name="swipeleft" enabled="true" />
      <control name="swiperight" enabled="true" />
      <control name="submit" enabled="false" />
      <control name="finish" enabled="false" />
      <control name="submitall" enabled="false" />
      <control name="resources" enabled="true" />
      <control name="glossary" enabled="false" />
      <control name="transcript" enabled="true" />
      <control name="outline" enabled="true">
        <controls>
          <control name="search" enabled="true" />
        </controls>
      </control>
      <control name="close_btn" enabled="true" />
    </control_layout>
    <control_layout name="npxnabnsnfns10111101111">
      <control name="volume" enabled="true" />
      <control name="seekbar" enabled="true" />
      <control name="replay" enabled="true" />
      <control name="pauseplay" enabled="true" />
      <control name="logo" enabled="false" />
      <control name="previous" enabled="false" />
      <control name="next" enabled="true" />
      <control name="swipeleft" enabled="false" />
      <control name="swiperight" enabled="true" />
      <control name="submit" enabled="false" />
      <control name="finish" enabled="false" />
      <control name="submitall" enabled="false" />
      <control name="resources" enabled="true" />
      <control name="glossary" enabled="false" />
      <control name="transcript" enabled="true" />
      <control name="outline" enabled="true">
        <controls>
          <control name="search" enabled="true" />
        </controls>
      </control>
      <control name="close_btn" enabled="true" />
    </control_layout>
    <control_layout name="npnxnanbnsnfns10111101111">
      <control name="volume" enabled="true" />
      <control name="seekbar" enabled="true" />
      <control name="replay" enabled="true" />
      <control name="pauseplay" enabled="true" />
      <control name="logo" enabled="false" />
      <control name="previous" enabled="false" />
      <control name="next" enabled="false" />
      <control name="swipeleft" enabled="false" />
      <control name="swiperight" enabled="false" />
      <control name="submit" enabled="false" />
      <control name="finish" enabled="false" />
      <control name="submitall" enabled="false" />
      <control name="resources" enabled="true" />
      <control name="glossary" enabled="false" />
      <control name="transcript" enabled="true" />
      <control name="outline" enabled="true">
        <controls>
          <control name="search" enabled="true" />
        </controls>
      </control>
      <control name="close_btn" enabled="true" />
    </control_layout>
    <control_layout name="pxabnsnfns10111101110">
      <control name="volume" enabled="true" />
      <control name="seekbar" enabled="true" />
      <control name="replay" enabled="true" />
      <control name="pauseplay" enabled="true" />
      <control name="logo" enabled="false" />
      <control name="previous" enabled="true" />
      <control name="next" enabled="true" />
      <control name="swipeleft" enabled="true" />
      <control name="swiperight" enabled="true" />
      <control name="submit" enabled="false" />
      <control name="finish" enabled="false" />
      <control name="submitall" enabled="false" />
      <control name="resources" enabled="true" />
      <control name="glossary" enabled="false" />
      <control name="transcript" enabled="true" />
      <control name="outline" enabled="true">
        <controls>
          <control name="search" enabled="true" />
        </controls>
      </control>
      <control name="close_btn" enabled="false" />
    </control_layout>
    <control_layout name="npnxnanbsnfns00001100111">
      <control name="volume" enabled="true" />
      <control name="seekbar" enabled="false" />
      <control name="replay" enabled="false" />
      <control name="pauseplay" enabled="false" />
      <control name="logo" enabled="false" />
      <control name="previous" enabled="false" />
      <control name="next" enabled="false" />
      <control name="swipeleft" enabled="false" />
      <control name="swiperight" enabled="false" />
      <control name="submit" enabled="true" />
      <control name="finish" enabled="false" />
      <control name="submitall" enabled="false" />
      <control name="resources" enabled="true" />
      <control name="glossary" enabled="false" />
      <control name="transcript" enabled="false" />
      <control name="outline" enabled="true">
        <controls>
          <control name="search" enabled="true" />
        </controls>
      </control>
      <control name="close_btn" enabled="true" />
    </control_layout>
    <control_layout name="pxabnsnfns00001100111">
      <control name="volume" enabled="true" />
      <control name="seekbar" enabled="false" />
      <control name="replay" enabled="false" />
      <control name="pauseplay" enabled="false" />
      <control name="logo" enabled="false" />
      <control name="previous" enabled="true" />
      <control name="next" enabled="true" />
      <control name="swipeleft" enabled="true" />
      <control name="swiperight" enabled="true" />
      <control name="submit" enabled="false" />
      <control name="finish" enabled="false" />
      <control name="submitall" enabled="false" />
      <control name="resources" enabled="true" />
      <control name="glossary" enabled="false" />
      <control name="transcript" enabled="false" />
      <control name="outline" enabled="true">
        <controls>
          <control name="search" enabled="true" />
        </controls>
      </control>
      <control name="close_btn" enabled="true" />
    </control_layout>
  </control_layouts>
  <colorschemes>
    <colorscheme name="pxabnsnfns00001100111">
      <color_group name="HTML">
        <group_colors>
          <color name="htmlpage_bg_color">
            <fill type="linear" rotation="90">
              <colors>
                <color rgb="0x282828" alpha="100" stop="0" />
              </colors>
            </fill>
          </color>
          <color name="preloader">
            <fill type="linear" rotation="90">
              <colors>
                <color rgb="0xFFFFFF" alpha="100" stop="0" />
              </colors>
            </fill>
          </color>
        </group_colors>
      </color_group>
      <color_group name="infopanel">
        <group_colors>
          <color name="link_text">
            <fill type="linear" rotation="90">
              <colors>
                <color rgb="0xB4B4B4" alpha="100" stop="0" />
              </colors>
            </fill>
          </color>
          <color name="link_hover">
            <fill type="linear" rotation="90">
              <colors>
                <color rgb="0xFFFFFF" alpha="100" stop="0" />
              </colors>
            </fill>
          </color>
          <color name="shadow">
            <fill type="linear" rotation="90">
              <colors>
                <color rgb="0x000000" alpha="0" stop="0" />
              </colors>
            </fill>
          </color>
          <color name="bg">
            <fill type="linear" rotation="90">
              <colors>
                <color rgb="0xFFFFFF" alpha="100" stop="0" />
              </colors>
            </fill>
          </color>
          <color name="name_text">
            <fill type="linear" rotation="90">
              <colors>
                <color rgb="0x444444" alpha="100" stop="0" />
              </colors>
            </fill>
          </color>
          <color name="title_text">
            <fill type="linear" rotation="90">
              <colors>
                <color rgb="0x999999" alpha="100" stop="0" />
              </colors>
            </fill>
          </color>
        </group_colors>
      </color_group>
      <color_group name="infopanelpopup">
        <group_colors>
          <color name="link_text">
            <fill type="linear" rotation="90">
              <colors>
                <color rgb="0xFF0000" alpha="100" stop="0" />
              </colors>
            </fill>
          </color>
          <color name="link_hover">
            <fill type="linear" rotation="90">
              <colors>
                <color rgb="0xFFFFFF" alpha="100" stop="0" />
              </colors>
            </fill>
          </color>
          <color name="bg">
            <fill type="linear" rotation="90">
              <colors>
                <color rgb="0x000000" alpha="0" stop="0" />
              </colors>
            </fill>
          </color>
          <color name="shadow">
            <fill type="linear" rotation="90">
              <colors>
                <color rgb="0x000000" alpha="0" stop="0" />
              </colors>
            </fill>
          </color>
          <color name="name_text">
            <fill type="linear" rotation="90">
              <colors>
                <color rgb="0xFFFFFF" alpha="100" stop="0" />
              </colors>
            </fill>
          </color>
          <color name="bio_text">
            <fill type="linear" rotation="90">
              <colors>
                <color rgb="0xB4B4B4" alpha="100" stop="0" />
              </colors>
            </fill>
          </color>
        </group_colors>
      </color_group>
      <color_group name="timer">
        <group_colors>
          <color name="duration">
            <fill type="linear" rotation="90">
              <colors>
                <color rgb="0x3C3C3C" alpha="100" stop="0" />
              </colors>
            </fill>
          </color>
          <color name="elapsed">
            <fill type="linear" rotation="90">
              <colors>
                <color rgb="0xFEE347" alpha="100" stop="0" />
              </colors>
            </fill>
          </color>
          <color name="stroke">
            <fill type="linear" rotation="90">
              <colors>
                <color rgb="0xC7C7C7" alpha="100" stop="0" />
              </colors>
            </fill>
          </color>
          <color name="inner">
            <fill type="linear" rotation="90">
              <colors>
                <color rgb="0xFFFFFF" alpha="100" stop="0" />
              </colors>
            </fill>
          </color>
          <color name="text">
            <fill type="linear" rotation="90">
              <colors>
                <color rgb="0xB4B4B4" alpha="100" stop="0" />
              </colors>
            </fill>
          </color>
        </group_colors>
      </color_group>
      <color_group name="window">
        <group_colors>
          <color name="text">
            <fill type="linear" rotation="90">
              <colors>
                <color rgb="0xFFFFFF" alpha="100" stop="0" />
              </colors>
            </fill>
          </color>
          <color name="inner">
            <fill type="linear" rotation="90">
              <colors>
                <color rgb="0x316300" alpha="0" stop="0" />
              </colors>
            </fill>
          </color>
          <color name="bg">
            <fill type="linear" rotation="90">
              <colors>
                <color rgb="0x222222" alpha="100" stop="0" />
              </colors>
            </fill>
          </color>
          <color name="diva">
            <fill type="linear" rotation="90">
              <colors>
                <color rgb="0x4E4E4E" alpha="100" stop="0" />
              </colors>
            </fill>
          </color>
          <color name="divb">
            <fill type="linear" rotation="90">
              <colors>
                <color rgb="0x4E4E4E" alpha="0" stop="0" />
              </colors>
            </fill>
          </color>
          <color name="shadow">
            <fill type="linear" rotation="90">
              <colors>
                <color rgb="0x000000" alpha="20" stop="0" />
              </colors>
            </fill>
          </color>
        </group_colors>
      </color_group>
      <color_group name="editor">
        <group_colors>
          <color name="slide_text">
            <fill type="linear" rotation="90">
              <colors>
                <color rgb="0xE2E2E2" alpha="100" stop="0" />
              </colors>
            </fill>
          </color>
          <color name="html_text">
            <fill type="linear" rotation="90">
              <colors>
                <color rgb="0xB4B4B4" alpha="100" stop="0" />
              </colors>
            </fill>
          </color>
          <color name="btn_text_shadow">
            <fill type="linear" rotation="90">
              <colors>
                <color rgb="0x000000" alpha="0" stop="0" />
              </colors>
            </fill>
          </color>
          <color name="btn_text">
            <fill type="linear" rotation="90">
              <colors>
                <color rgb="0xFFFFFF" alpha="100" stop="0" />
              </colors>
            </fill>
          </color>
          <color name="btn_border">
            <fill type="linear" rotation="90">
              <colors>
                <color rgb="0xD3D3D3" alpha="100" stop="0" />
              </colors>
            </fill>
          </color>
          <color name="btn_hover">
            <fill type="linear" rotation="90">
              <colors>
                <color rgb="0x444444" alpha="100" stop="0" />
              </colors>
            </fill>
          </color>
          <color name="btn_down">
            <fill type="linear" rotation="90">
              <colors>
                <color rgb="0x444444" alpha="100" stop="0" />
              </colors>
            </fill>
          </color>
          <color name="btn_bg">
            <fill type="linear" rotation="90">
              <colors>
                <color rgb="0x222222" alpha="100" stop="0" />
              </colors>
            </fill>
          </color>
        </group_colors>
      </color_group>
      <color_group name="listitem">
        <group_colors>
          <color name="scene_text">
            <fill type="linear" rotation="90">
              <colors>
                <color rgb="0xFFFFFF" alpha="100" stop="0" />
              </colors>
            </fill>
          </color>
          <color name="selected_text">
            <fill type="linear" rotation="90">
              <colors>
                <color rgb="0xFFFFFF" alpha="100" stop="0" />
              </colors>
            </fill>
          </color>
          <color name="shadow">
            <fill type="linear" rotation="90">
              <colors>
                <color rgb="0x000000" alpha="0" stop="0" />
              </colors>
            </fill>
          </color>
          <color name="selected">
            <fill type="linear" rotation="90">
              <colors>
                <color rgb="0x212121" alpha="100" stop="0" />
              </colors>
            </fill>
          </color>
          <color name="text">
            <fill type="linear" rotation="90">
              <colors>
                <color rgb="0xB4B4B4" alpha="100" stop="0" />
              </colors>
            </fill>
          </color>
          <color name="viewed">
            <fill type="linear" rotation="90">
              <colors>
                <color rgb="0x555555" alpha="100" stop="0" />
              </colors>
            </fill>
          </color>
          <color name="hover">
            <fill type="linear" rotation="90">
              <colors>
                <color rgb="0x212121" alpha="100" stop="0" />
              </colors>
            </fill>
          </color>
          <color name="lines">
            <fill type="linear" rotation="90">
              <colors>
                <color rgb="0x000000" alpha="0" stop="0" />
              </colors>
            </fill>
          </color>
        </group_colors>
      </color_group>
      <color_group name="glossary">
        <group_colors>
          <color name="selected_text">
            <fill type="linear" rotation="90">
              <colors>
                <color rgb="0xFFFFFF" alpha="100" stop="0" />
              </colors>
            </fill>
          </color>
          <color name="selected">
            <fill type="linear" rotation="90">
              <colors>
                <color rgb="0xFFFFFF" alpha="100" stop="0" />
              </colors>
            </fill>
          </color>
          <color name="text">
            <fill type="linear" rotation="90">
              <colors>
                <color rgb="0xB4B4B4" alpha="100" stop="0" />
              </colors>
            </fill>
          </color>
          <color name="hover">
            <fill type="linear" rotation="90">
              <colors>
                <color rgb="0xB4B4B4" alpha="100" stop="0" />
              </colors>
            </fill>
          </color>
          <color name="heading_text">
            <fill type="linear" rotation="90">
              <colors>
                <color rgb="0xFFFFFF" alpha="100" stop="0" />
              </colors>
            </fill>
          </color>
          <color name="diva">
            <fill type="linear" rotation="90">
              <colors>
                <color rgb="0x000000" alpha="0" stop="0" />
              </colors>
            </fill>
          </color>
          <color name="divb">
            <fill type="linear" rotation="90">
              <colors>
                <color rgb="0x000000" alpha="0" stop="0" />
              </colors>
            </fill>
          </color>
          <color name="divc">
            <fill type="linear" rotation="90">
              <colors>
                <color rgb="0x000000" alpha="0" stop="0" />
              </colors>
            </fill>
          </color>
          <color name="bg">
            <fill type="linear" rotation="90">
              <colors>
                <color rgb="0x000000" alpha="0" stop="0" />
              </colors>
            </fill>
          </color>
        </group_colors>
      </color_group>
      <color_group name="resource">
        <group_colors>
          <color name="separator">
            <fill type="linear" rotation="90">
              <colors>
                <color rgb="0x000000" alpha="0" stop="0" />
              </colors>
            </fill>
          </color>
          <color name="hover">
            <fill type="linear" rotation="90">
              <colors>
                <color rgb="0x404040" alpha="100" stop="0" />
              </colors>
            </fill>
          </color>
        </group_colors>
      </color_group>
      <color_group name="outline">
        <group_colors>
          <color name="search_hover">
            <fill type="linear" rotation="90">
              <colors>
                <color rgb="0x000000" alpha="0" stop="0" />
              </colors>
            </fill>
          </color>
          <color name="search_text">
            <fill type="linear" rotation="90">
              <colors>
                <color rgb="0x2D2D2D" alpha="100" stop="0" />
              </colors>
            </fill>
          </color>
          <color name="divc">
            <fill type="linear" rotation="90">
              <colors>
                <color rgb="0x000000" alpha="0" stop="0" />
              </colors>
            </fill>
          </color>
          <color name="divb">
            <fill type="linear" rotation="90">
              <colors>
                <color rgb="0x000000" alpha="0" stop="0" />
              </colors>
            </fill>
          </color>
          <color name="diva">
            <fill type="linear" rotation="90">
              <colors>
                <color rgb="0x000000" alpha="0" stop="0" />
              </colors>
            </fill>
          </color>
        </group_colors>
      </color_group>
      <color_group name="transcript">
        <group_colors>
          <color name="heading_text">
            <fill type="linear" rotation="90">
              <colors>
                <color rgb="0xFFFFFF" alpha="100" stop="0" />
              </colors>
            </fill>
          </color>
          <color name="div">
            <fill type="linear" rotation="90">
              <colors>
                <color rgb="0x000000" alpha="0" stop="0" />
              </colors>
            </fill>
          </color>
        </group_colors>
      </color_group>
      <color_group name="tabs">
        <group_colors>
          <color name="shadow">
            <fill type="linear" rotation="90">
              <colors>
                <color rgb="0x000000" alpha="0" stop="0" />
              </colors>
            </fill>
          </color>
          <color name="hover">
            <fill type="linear" rotation="90">
              <colors>
                <color rgb="0xFFFFFF" alpha="100" stop="0" />
              </colors>
            </fill>
          </color>
          <color name="selected">
            <fill type="linear" rotation="90">
              <colors>
                <color rgb="0xFFFFFF" alpha="100" stop="0" />
              </colors>
            </fill>
          </color>
          <color name="text">
            <fill type="linear" rotation="90">
              <colors>
                <color rgb="0xB4B4B4" alpha="100" stop="0" />
              </colors>
            </fill>
          </color>
          <color name="bg">
            <fill type="linear" rotation="90">
              <colors>
                <color rgb="0x000000" alpha="0" stop="0" />
              </colors>
            </fill>
          </color>
          <color name="panel_bg">
            <fill type="linear" rotation="90">
              <colors>
                <color rgb="0x323232" alpha="100" stop="0" />
              </colors>
            </fill>
          </color>
          <color name="bottom_border">
            <fill type="linear" rotation="90">
              <colors>
                <color rgb="0x313131" alpha="100" stop="0" />
              </colors>
            </fill>
          </color>
        </group_colors>
      </color_group>
      <color_group name="seekcontrol">
        <group_colors>
          <color name="btn_icon_color">
            <fill type="linear" rotation="90">
              <colors>
                <color rgb="0xB4B4B4" alpha="100" stop="0" />
              </colors>
            </fill>
          </color>
          <color name="seek_position">
            <fill type="linear" rotation="90">
              <colors>
                <color rgb="0xFFFFFF" alpha="20" stop="0" />
              </colors>
            </fill>
          </color>
          <color name="seek_bg">
            <fill type="linear" rotation="90">
              <colors>
                <color rgb="0x3C3C3C" alpha="100" stop="0" />
              </colors>
            </fill>
          </color>
          <color name="seek_border">
            <fill type="linear" rotation="90">
              <colors>
                <color rgb="0x000000" alpha="0" stop="0" />
              </colors>
            </fill>
          </color>
          <color name="border">
            <fill type="linear" rotation="90">
              <colors>
                <color rgb="0x000000" alpha="0" stop="0" />
              </colors>
            </fill>
          </color>
          <color name="bg">
            <fill type="linear" rotation="90">
              <colors>
                <color rgb="0x000000" alpha="0" stop="0" />
              </colors>
            </fill>
          </color>
          <color name="btn_icon_hover">
            <fill type="linear" rotation="90">
              <colors>
                <color rgb="0xFFFFFF" alpha="100" stop="0" />
              </colors>
            </fill>
          </color>
          <color name="btn_icon_shadow">
            <fill type="linear" rotation="90">
              <colors>
                <color rgb="0x000000" alpha="0" stop="0" />
              </colors>
            </fill>
          </color>
        </group_colors>
      </color_group>
      <color_group name="searchinput">
        <group_colors>
          <color name="text_active">
            <fill type="linear" rotation="90">
              <colors>
                <color rgb="0xF8F8F8" alpha="100" stop="0" />
              </colors>
            </fill>
          </color>
          <color name="bg_active">
            <fill type="linear" rotation="90">
              <colors>
                <color rgb="0x292929" alpha="100" stop="0" />
              </colors>
            </fill>
          </color>
          <color name="search_text">
            <fill type="linear" rotation="90">
              <colors>
                <color rgb="0xAAAAAA" alpha="100" stop="0" />
              </colors>
            </fill>
          </color>
          <color name="hover_glow">
            <fill type="linear" rotation="90">
              <colors>
                <color rgb="0x457E13" alpha="0" stop="0" />
              </colors>
            </fill>
          </color>
          <color name="button_hover">
            <fill type="linear" rotation="90">
              <colors>
                <color rgb="0x3F8500" alpha="100" stop="0" />
              </colors>
            </fill>
          </color>
          <color name="icon">
            <fill type="linear" rotation="90">
              <colors>
                <color rgb="0xFFFFFF" alpha="100" stop="0" />
              </colors>
            </fill>
          </color>
          <color name="border">
            <fill type="linear" rotation="90">
              <colors>
                <color rgb="0x000000" alpha="0" stop="0" />
              </colors>
            </fill>
          </color>
          <color name="bg">
            <fill type="linear" rotation="90">
              <colors>
                <color rgb="0x3C3C3C" alpha="100" stop="0" />
              </colors>
            </fill>
          </color>
          <color name="bg_in_tab">
            <fill type="linear" rotation="90">
              <colors>
                <color rgb="0x545454" alpha="100" stop="0" />
              </colors>
            </fill>
          </color>
        </group_colors>
      </color_group>
      <color_group name="scrollarea">
        <group_colors>
          <color name="detailb">
            <fill type="linear" rotation="90">
              <colors>
                <color rgb="0x6AA242" alpha="100" stop="0" />
              </colors>
            </fill>
          </color>
          <color name="detaila">
            <fill type="linear" rotation="90">
              <colors>
                <color rgb="0x2A5400" alpha="100" stop="0" />
              </colors>
            </fill>
          </color>
          <color name="shadow">
            <fill type="linear" rotation="90">
              <colors>
                <color rgb="0x275000" alpha="100" stop="0" />
              </colors>
            </fill>
          </color>
          <color name="icons">
            <fill type="linear" rotation="90">
              <colors>
                <color rgb="0xFFFFFF" alpha="100" stop="0" />
              </colors>
            </fill>
          </color>
          <color name="button_border">
            <fill type="linear" rotation="90">
              <colors>
                <color rgb="0x2A5500" alpha="100" stop="0" />
              </colors>
            </fill>
          </color>
          <color name="button_inner">
            <fill type="linear" rotation="90">
              <colors>
                <color rgb="0x4B8A16" alpha="100" stop="0" />
              </colors>
            </fill>
          </color>
          <color name="button_bg">
            <fill type="linear" rotation="90">
              <colors>
                <color rgb="0x494949" alpha="100" stop="0" />
              </colors>
            </fill>
          </color>
          <color name="button_bg_hover">
            <fill type="linear" rotation="90">
              <colors>
                <color rgb="0x7B7B7B" alpha="100" stop="0" />
              </colors>
            </fill>
          </color>
          <color name="border">
            <fill type="linear" rotation="90">
              <colors>
                <color rgb="0x479901" alpha="100" stop="0" />
              </colors>
            </fill>
          </color>
          <color name="bg">
            <fill type="linear" rotation="0">
              <colors>
                <color rgb="0x366F00" alpha="100" stop="0" />
              </colors>
            </fill>
          </color>
        </group_colors>
      </color_group>
      <color_group name="menu">
        <group_colors>
          <color name="shadow">
            <fill type="linear" rotation="90">
              <colors>
                <color rgb="0x000000" alpha="0" stop="0" />
              </colors>
            </fill>
          </color>
          <color name="bg">
            <fill type="linear" rotation="90">
              <colors>
                <color rgb="0x1B1B1B" alpha="100" stop="0" />
              </colors>
            </fill>
          </color>
          <color name="generic_shadow">
            <fill type="linear" rotation="90">
              <colors>
                <color rgb="0x000000" alpha="40" stop="0" />
              </colors>
            </fill>
          </color>
          <color name="right_shadow">
            <fill type="linear" rotation="0">
              <colors>
                <color rgb="0x000000" alpha="0" stop="0" />
                <color rgb="0x000000" alpha="30" stop="255" />
              </colors>
            </fill>
          </color>
        </group_colors>
      </color_group>
      <color_group name="logo">
        <group_colors>
          <color name="shadow">
            <fill type="linear" rotation="90">
              <colors>
                <color rgb="0x254B00" alpha="100" stop="0" />
              </colors>
            </fill>
          </color>
          <color name="bg">
            <fill type="linear" rotation="90">
              <colors>
                <color rgb="0xFFFFFF" alpha="0" stop="0" />
              </colors>
            </fill>
          </color>
        </group_colors>
      </color_group>
      <color_group name="checkbox">
        <group_colors>
          <color name="hover">
            <fill type="linear" rotation="90">
              <colors>
                <color rgb="0xAFDD82" alpha="100" stop="0" />
              </colors>
            </fill>
          </color>
          <color name="text">
            <fill type="linear" rotation="90">
              <colors>
                <color rgb="0xFFFFFF" alpha="100" stop="0" />
              </colors>
            </fill>
          </color>
          <color name="check">
            <fill type="linear" rotation="90">
              <colors>
                <color rgb="0x2BC400" alpha="100" stop="0" />
              </colors>
            </fill>
          </color>
          <color name="bg">
            <fill type="linear" rotation="90">
              <colors>
                <color rgb="0xFFFFFF" alpha="100" stop="0" />
              </colors>
            </fill>
          </color>
          <color name="border">
            <fill type="linear" rotation="90">
              <colors>
                <color rgb="0x2A5300" alpha="100" stop="0" />
              </colors>
            </fill>
          </color>
        </group_colors>
      </color_group>
      <color_group name="button">
        <group_colors>
          <color name="btn_icon_color">
            <fill type="linear" rotation="90">
              <colors>
                <color rgb="0xB4B4B4" alpha="100" stop="0" />
              </colors>
            </fill>
          </color>
          <color name="btn_text_shadow">
            <fill type="linear" rotation="90">
              <colors>
                <color rgb="0x000000" alpha="0" stop="0" />
              </colors>
            </fill>
          </color>
          <color name="btn_text">
            <fill type="linear" rotation="90">
              <colors>
                <color rgb="0xB4B4B4" alpha="100" stop="0" />
              </colors>
            </fill>
          </color>
          <color name="btn_border">
            <fill type="linear" rotation="90">
              <colors>
                <color rgb="0x000000" alpha="0" stop="0" />
              </colors>
            </fill>
          </color>
          <color name="btn_hover">
            <fill type="linear" rotation="90">
              <colors>
                <color rgb="0xFFFFFF" alpha="100" stop="0" />
              </colors>
            </fill>
          </color>
          <color name="btn_down">
            <fill type="linear" rotation="90">
              <colors>
                <color rgb="0x000000" alpha="0" stop="0" />
              </colors>
            </fill>
          </color>
          <color name="btn_bg">
            <fill type="linear" rotation="90">
              <colors>
                <color rgb="0x000000" alpha="0" stop="0" />
              </colors>
            </fill>
          </color>
          <color name="btn_glow">
            <fill type="linear" rotation="90">
              <colors>
                <color rgb="0x000000" alpha="0" stop="0" />
              </colors>
            </fill>
          </color>
        </group_colors>
      </color_group>
      <color_group name="base">
        <group_colors>
          <color name="brandhighlight">
            <fill type="linear" rotation="90">
              <colors>
                <color rgb="0xEEECE1" alpha="100" stop="0" />
              </colors>
            </fill>
          </color>
          <color name="text">
            <fill type="linear" rotation="90">
              <colors>
                <color rgb="0xB4B4B4" alpha="100" stop="0" />
              </colors>
            </fill>
          </color>
          <color name="text_hover">
            <fill type="linear" rotation="90">
              <colors>
                <color rgb="0xFFFFFF" alpha="100" stop="0" />
              </colors>
            </fill>
          </color>
          <color name="text_selected">
            <fill type="linear" rotation="90">
              <colors>
                <color rgb="0xFFFFFF" alpha="100" stop="0" />
              </colors>
            </fill>
          </color>
          <color name="diva">
            <fill type="linear" rotation="90">
              <colors>
                <color rgb="0x555555" alpha="100" stop="0" />
              </colors>
            </fill>
          </color>
          <color name="divb">
            <fill type="linear" rotation="90">
              <colors>
                <color rgb="0x000000" alpha="0" stop="0" />
              </colors>
            </fill>
          </color>
          <color name="menu_shade">
            <fill type="linear" rotation="90">
              <colors>
                <color rgb="0x1B1B1B" alpha="100" stop="0" />
              </colors>
            </fill>
          </color>
          <color name="border">
            <fill type="linear" rotation="90">
              <colors>
                <color rgb="0x282828" alpha="100" stop="0" />
              </colors>
            </fill>
          </color>
          <color name="bg">
            <fill type="linear" rotation="90">
              <colors>
                <color rgb="0x282828" alpha="100" stop="0" />
              </colors>
            </fill>
          </color>
          <color name="slide_bg">
            <fill type="linear" rotation="90">
              <colors>
                <color rgb="0x282828" alpha="100" stop="0" />
              </colors>
            </fill>
          </color>
          <color name="overlay_message">
            <fill type="linear" rotation="90">
              <colors>
                <color rgb="0x000000" alpha="85" stop="0" />
              </colors>
            </fill>
          </color>
        </group_colors>
      </color_group>
      <color_group name="volume">
        <group_colors>
          <color name="panel_bg">
            <fill type="linear" rotation="90">
              <colors>
                <color rgb="0x323232" alpha="100" stop="0" />
              </colors>
            </fill>
          </color>
          <color name="thumb_border">
            <fill type="linear" rotation="90">
              <colors>
                <color rgb="0x2B5500" alpha="100" stop="0" />
              </colors>
            </fill>
          </color>
          <color name="thumb_inner">
            <fill type="linear" rotation="90">
              <colors>
                <color rgb="0x2B5500" alpha="100" stop="0" />
              </colors>
            </fill>
          </color>
          <color name="thumb_bg">
            <fill type="linear" rotation="90">
              <colors>
                <color rgb="0xFFFFFF" alpha="100" stop="0" />
              </colors>
            </fill>
          </color>
          <color name="slider_border">
            <fill type="linear" rotation="90">
              <colors>
                <color rgb="0x428C01" alpha="100" stop="0" />
              </colors>
            </fill>
          </color>
          <color name="slider_bg">
            <fill type="linear" rotation="0">
              <colors>
                <color rgb="0x3C3C3C" alpha="100" stop="0" />
              </colors>
            </fill>
          </color>
          <color name="slider_shadow">
            <fill type="linear" rotation="90">
              <colors>
                <color rgb="0x000000" alpha="40" stop="0" />
              </colors>
            </fill>
          </color>
        </group_colors>
      </color_group>
    </colorscheme>
  </colorschemes>
  <string_tables>
    <string_table name="pxabnsnfns00001100111">
      <string id="acc_active">active</string>
      <string id="check_include">Check to include</string>
      <string id="clear">Clear and return to menu</string>
      <string id="close">Close</string>
      <string id="acc_closed_captions">Closed captions. Press the spacebar to toggle captions on and off.</string>
      <string id="continue">Continue</string>
      <string id="continueresponsive">Continue</string>
      <string id="exit">Exit</string>
      <string id="filter">Filter</string>
      <string id="finish">FINISH</string>
      <string id="acc_finish">finish</string>
      <string id="definition">Definition</string>
      <string id="acc_definition">definition</string>
      <string id="glossary">Glossary</string>
      <string id="terms">Terms</string>
      <string id="outline">Menu</string>
      <string id="disabled_orientation">Please rotate your device</string>
      <string id="next">NEXT</string>
      <string id="acc_next">next</string>
      <string id="transcript_chk">Notes</string>
      <string id="transcript">Notes</string>
      <string id="bio">Bio</string>
      <string id="more_info">More info</string>
      <string id="closed_captions">Captions</string>
      <string id="acc_pause">pause</string>
      <string id="acc_play">play</string>
      <string id="send_an_email">Send an email</string>
      <string id="prev">PREV</string>
      <string id="acc_previous">previous</string>
      <string id="question_list">Question List</string>
      <string id="acc_replay">replay</string>
      <string id="resources">Resources</string>
      <string id="acc_resources">resources</string>
      <string id="restart">Restart</string>
      <string id="resume">Resume</string>
      <string id="search">Search...</string>
      <string id="acc_search_input">search</string>
      <string id="search_in">Search in:</string>
      <string id="search_results">Search Results</string>
      <string id="acc_skipnavigation">Skip navigation. Press enter to return to the slide.</string>
      <string id="slide_text_chk">Slide Text</string>
      <string id="submitall">SUBMIT ALL</string>
      <string id="acc_submitall">submit all</string>
      <string id="submit">SUBMIT</string>
      <string id="acc_submit">submit</string>
      <string id="acc_volume">volume</string>
    </string_table>
  </string_tables>
  <fonts>
    <font name="Lato">
      <files>
        <file bold="true" italic="false" />
        <file bold="false" italic="false" />
      </files>
    </font>
  </fonts>
  <sounds enabled="true" />
  <nav_data>
    <outline>
      <links>
        <slidelink slideid="_player.5bCCtCFkFWK" displaytext="Introduction" expand="true" type="slide">
          <links>
            <slidelink slideid="_player.5bCCtCFkFWK.6mrKwPWrgO4" displaytext="Welcome" expand="false" type="slide" />
            <slidelink slideid="_player.5bCCtCFkFWK.5XQp29m3Tpr" displaytext="Tutorial Instructions" expand="false" type="slide" />
          </links>
        </slidelink>
        <slidelink slideid="_player.5oVy5zhIaK9" displaytext="Data Sources" expand="true" type="slide">
          <links>
            <slidelink slideid="_player.5oVy5zhIaK9.6bWPKBhbL32" displaytext="Why Data?" expand="false" type="slide" />
            <slidelink slideid="_player.5oVy5zhIaK9.6ZNmEEWaoDh" displaytext="Data Defined" expand="false" type="slide" />
            <slidelink slideid="_player.5oVy5zhIaK9.6D3NJaxATFT" displaytext="Questions to Guide Your Data Search" expand="false" type="slide" />
            <slidelink slideid="_player.5oVy5zhIaK9.5iu3zh42B9e" displaytext="Data Honeycomb" expand="false" type="slide" />
            <slidelink slideid="_player.5oVy5zhIaK9.5bJMzoK0nUT" displaytext="WHAT DATA DO YOU NEED?" expand="false" type="slide" />
            <slidelink slideid="_player.5oVy5zhIaK9.5caVKFCL4dX" displaytext="Existing Visualizations" expand="false" type="slide" />
            <slidelink slideid="_player.5oVy5zhIaK9.5bVI1J0qbEs" displaytext="Summary Data" expand="false" type="slide" />
            <slidelink slideid="_player.5oVy5zhIaK9.673gml5xIyR" displaytext="Published Datasets" expand="false" type="slide" />
            <slidelink slideid="_player.5oVy5zhIaK9.6MCqulTeoAw" displaytext="Peer Reviewed Information" expand="false" type="slide" />
            <slidelink slideid="_player.5oVy5zhIaK9.6VBt0nAvxGR" displaytext="WHERE DO YOU SEARCH?" expand="false" type="slide" />
            <slidelink slideid="_player.5oVy5zhIaK9.5xpfOwjQxfq" displaytext="Library Databases" expand="false" type="slide" />
            <slidelink slideid="_player.5oVy5zhIaK9.5UggUaEtx2n" displaytext="Web Search" expand="false" type="slide" />
            <slidelink slideid="_player.5oVy5zhIaK9.62Ju7w1qAFo" displaytext="Secondary Data Portals" expand="false" type="slide" />
            <slidelink slideid="_player.5oVy5zhIaK9.5XMnf7jqzeb" displaytext="Research Data Portals" expand="false" type="slide" />
            <slidelink slideid="_player.5oVy5zhIaK9.6RhLtnYNe8W" displaytext="Data in the News" expand="false" type="slide" />
            <slidelink slideid="_player.5oVy5zhIaK9.5wh4HcBIm9g" displaytext="Government Data Sources" expand="false" type="slide" />
            <slidelink slideid="_player.5oVy5zhIaK9.6dKvIHCXJuW" displaytext="MATCH DATA NEED AND SEARCH" expand="false" type="slide" />
            <slidelink slideid="_player.5oVy5zhIaK9.5nzhVgZb8XX" displaytext="Video: General Web Search" expand="false" type="slide" />
          </links>
        </slidelink>
        <slidelink slideid="_player.5bkv6DdyieK" displaytext="Knowledge Check Questions" expand="true" type="slide">
          <links>
            <slidelink slideid="_player.5bkv6DdyieK.6bPRGRToa35" displaytext="Knowledge Check Questions" expand="false" type="slide" />
            <slidelink slideid="_player.5bkv6DdyieK.5cTaWzB4UZ1" displaytext="Scenario One" expand="false" type="slide" />
            <slidelink slideid="_player.5bkv6DdyieK.5Yj1zDNjeeJ" displaytext="Scenario Two" expand="false" type="slide" />
            <slidelink slideid="_player.5bkv6DdyieK.6NMayjw5khs" displaytext="Scenario Three" expand="false" type="slide" />
            <slidedrawref drawid="_player.5bkv6DdyieK.6Wum6ef7j4I" />
          </links>
        </slidelink>
        <slidelink slideid="_player.6mcv4FkBkpt" displaytext="Guided Worksheet" expand="true" type="slide">
          <links>
            <slidelink slideid="_player.6mcv4FkBkpt.6bUyR1DhKYz" displaytext="Notebook Instructions" expand="false" type="slide" />
            <slidelink slideid="_player.6mcv4FkBkpt.6dEUWYQfI44" displaytext="Data &amp; GIS Help Desk – Kennedy Library, Rm. 111, Hub 24" expand="false" type="slide" />
            <slidelink slideid="_player.6mcv4FkBkpt.5uS8MWsiHxD" displaytext="Your Feedback" expand="false" type="slide" />
          </links>
        </slidelink>
      </links>
    </outline>
    <search>
      <slidetext slideid="5bCCtCFkFWK.6mrKwPWrgO4" slidebank="false" type="slide">finding data tutorial   welcome</slidetext>
      <slidetext slideid="5bCCtCFkFWK.5XQp29m3Tpr" slidebank="false" type="slide">after the tutorial, complete the guided worksheet to find data on your topic. finding  data notebook it will take 30 minutes with a few questions that check your understanding of the material. time this tutorial covers the ways to find data and visualizations for your assignment. purpose tutorial instructions   1 2 3</slidetext>
      <slidetext slideid="5oVy5zhIaK9.6bWPKBhbL32" slidebank="false" type="slide">  effective data search strategies purpose of the tutorial why data? business example journalism example table example   </slidetext>
      <slidetext slideid="5oVy5zhIaK9.6ZNmEEWaoDh" slidebank="false" type="slide">data production is a process    collected data primary data collection, typically not available     data available for further exploration and analysis published datasets summary datasets key facts &amp; statistics summary tables simple visualizations  more involved to find, understand, and use.  easier to find, use, and communicate.</slidetext>
      <slidetext slideid="5oVy5zhIaK9.6D3NJaxATFT" slidebank="false" type="slide"> questions to guide your data search collected data published data reported data  secondary data portals do other sites aggregate data on this topic? 4 literature review, link articles to data sources and repositories how has this topic been researched by others? 3 news articles, links to data sources and research articles how has this been reported in the news? 2 government agencies, international organizations, institutes, academic research centers  who collects and publishes data on this topic? 1</slidetext>
      <slidetext slideid="5oVy5zhIaK9.5iu3zh42B9e" slidebank="false" type="slide">research data portals research data portals research data portals research data portals government data sources government data sources government data sources government data sources secondary data portals secondary data portals secondary data portals secondary data portals library  databases library  databases library  databases library  databases web search web search web search web search data in the news data in the news data in the news data in the news published  datasets published  datasets published  datasets published  datasets peer reviewed information peer reviewed information peer reviewed information peer reviewed information summary datasets summary datasets summary datasets summary datasets existing visualizations existing visualizations existing visualizations existing visualizations    what do you need? data search strategies where do you search?   data presentation types</slidetext>
      <slidetext slideid="5oVy5zhIaK9.5bJMzoK0nUT" slidebank="false" type="slide">summary datasets summary datasets summary datasets summary datasets summary datasets existing visualizations existing visualizations existing visualizations existing visualizations existing visualizations published datasets published datasets published datasets published datasets published datasets peer reviewed information peer reviewed information peer reviewed information peer reviewed information peer reviewed information    what do you need? data in terms of how it is presented select and explore each hexagon before proceeding</slidetext>
      <slidetext slideid="5oVy5zhIaK9.5caVKFCL4dX" slidebank="false" type="slide">  peer reviewed journal articles contain existing visualizations of research findings and methodologies.    example 1: high-quality illustration that reaches multiple audiences. example 2: requires technical knowledge to understand the visualization and is more typical of what you will encounter. the audience here is researchers in the field, which would require translation for a general audience.   news organizations and journalists produce high-quality visualizations for a general audience. they also provide context and analysis.  for example, this new york times visualization compares mass shootings in the u.s. to other countries. the visual clearly shows that the u.s. is an outlier.       to make the most of a google image search, use different keywords in addition to your topic. the terms below are suggestions for narrowing your search to data-related images.     [topic] visualization [topic] data [topic] statistics peer-reviewed papers high-quality journalism google images search sometimes you don’t need to re-invent the wheel. if you need to illustrate a concept using data or visualizations, find an existing high-quality figure that you can use, and cite accordingly. existing visualizations 30 view more view more view more  view more view more view more  view more view more view more </slidetext>
      <slidetext slideid="5oVy5zhIaK9.5bVI1J0qbEs" slidebank="false" type="slide">    published datasets on a given topic can be very extensive, and it’s often necessary to spend time to become familiar with the particulars of this data. as you get familiar with a topic, and are looking to dive in deeper, consider exploring the published data to extract further insights.     statista is one of kennedy library’s subscription databases. it is a statistics portal which provides direct access to quantitative data on media, business, finance, politics, and a wide variety of other areas of interest or markets. get unlimited downloads, source citations and direct use or export of results in powerpoint, excel pdf and graphic (png) formats.   summary datasets statista  view more view more view more a summary dataset is data on a topic that has already been compiled and summarized from the underlying published datasets. it can provide a concise overview of the primary or main findings from a particular study – an initial view of the big picture.</slidetext>
      <slidetext slideid="5oVy5zhIaK9.673gml5xIyR" slidebank="false" type="slide">published datasets looking for more than existing summary datasets?  if so, look for underlying published datasets, which contain the more complete observations and attributes (rows and columns of data). they allow you to conduct your own exploration of the data, and to create new summaries, visualizations, or analysis.  summary dataset published dataset   keep in mind!  non-summarized published datasets can be extensive, technical, and contain obtuse documentation. it takes time to become familiar with the data in order to draw valid and defensible conclusions. </slidetext>
      <slidetext slideid="5oVy5zhIaK9.6MCqulTeoAw" slidebank="false" type="slide">peer reviewed information  keep in mind!  most articles are written with a technical audience in mind. they can be dense, full of jargon, and graphically limited. it may take additional design effort to translate the available, high quality information, into a format that is compelling for a different audience. peer reviewed literature can be a great source of high quality information, including data and visualizations to further your research. in addition to the text itself, look for: summary tables or statistical results process diagrams, images, and data visualizations research datasets linked in an accessible repository, or as supplemental material to the publication</slidetext>
      <slidetext slideid="5oVy5zhIaK9.6VBt0nAvxGR" slidebank="false" type="slide">library  databases library  databases library  databases library  databases library  databases government data sources government data sources government data sources government data sources government data sources web search web search web search web search web search secondary data portals secondary data portals secondary data portals secondary data portals secondary data portals data in the news data in the news data in the news data in the news data in the news where do you search?   data search strategies research data portals research data portals research data portals research data portals research data portals select and explore each hexagon before proceeding</slidetext>
      <slidetext slideid="5oVy5zhIaK9.5xpfOwjQxfq" slidebank="false" type="slide"> peer reviewed literature in library databases library or academic databases are a gateway to peer reviewed literature. as you look for research studies on a topic, remember that these articles can be a great source of summary data, images, and visualizations beyond the text. while you’re not likely to find datasets themselves within traditional library databases, it is through the research articles that you can find links to the authoritative data used by researchers.       kennedy library databases           google scholar  lib.calpoly.edu       library  website databases research articles data   get started onesearch</slidetext>
      <slidetext slideid="5oVy5zhIaK9.5UggUaEtx2n" slidebank="false" type="slide"> web search looking for data on a new topic, start broadly with a general web search. become familiar with the landscape of existing  information about this topic. rather than seeking datasets themselves, general web search can be most effective for finding the resources that lead to the specific datasets you’re looking for.  keep in mind!  who collects data on this topic? how is this reported in the news? how is this topic being studied by researchers?   [topic] statistics  [topic] open data [topic] datasets [topic] research data search tips refine by [timeframe] and [geography]</slidetext>
      <slidetext slideid="5oVy5zhIaK9.62Ju7w1qAFo" slidebank="false" type="slide"> data usa combines multiple government data sources into a single well-designed resource for data on places, industries, jobs, or universities. data can be downloaded as existing visualizations or as summary data tables.  social explorer provides a convenient interface to visualize and access detailed demographic data such as median income, unemployment, and race or ethnicity. this data can be explored as a web map or exported for further analysis.  statista provides small summary datasets in the form of data tables or visuals (e.g., bar charts or line charts). these can be easily downloaded, adapted and cited for use in reports or presentations.                   secondary data portals     social explorer data usa secondary data portals are sites that gather and provide access to data from a variety of original sources. they give a more consistent and user-friendly experience when searching for data across multiple sources.     statista    select the examples see data sources list</slidetext>
      <slidetext slideid="5oVy5zhIaK9.5XMnf7jqzeb" slidebank="false" type="slide"> re3data.org is a repository of research data repositories.  it provides a guide (from acustics to zoology) for finding a repository for a specific discipline.  the harvard dataverse is a data repository of over 100,000 datasets that spans thousands of academic institutions. researchers from many disciplines can publish research data for others to utilize.   inter-university consortium for political and social research (icpsr) contains datasets used primarily in academic research in political and social sciences. this is an example of data organized by discipline.                   research data portals    harvard dataverse re3data.org as researchers conduct new and original research, the data collected in these studies is published and available for re-use by other researchers and the public. find specific datasets associated with a particular study or gain more familiarity with the types of data collected within a given discipline.     icpsr     select the examples see data sources list</slidetext>
      <slidetext slideid="5oVy5zhIaK9.6RhLtnYNe8W" slidebank="false" type="slide">dea database: where the pain pills went. washington post. july 16, 2019. “americans make up about 4.4 percent of the global population but own 42 percent of the world’s guns. from 1966 to 2012, 31 percent of the gunmen in mass shootings worldwide were american, according to a 2015 study by adam lankford, a professor at the university of alabama.” what explains u.s. mass shootings? international comparisons suggest an answer. new york times. nov. 7, 2017.   data source:  small arms survey what explains u.s. mass shootings? international comparisons suggest an answer. new york times. nov. 7, 2017.             data in the news a useful strategy for finding datasets is to track down the data used in news reporting on a topic. look at the captions for attribution. sometimes, these are linked to the data source, but not always. 1 look for references to researchers or government agencies, and other clues about the underlying published data that is being used.  2 select the strategies for examples       3 look for links to datasets made available by the news organization itself.        </slidetext>
      <slidetext slideid="5oVy5zhIaK9.5wh4HcBIm9g" slidebank="false" type="slide"> government data sources represent a huge proportion of available data. when you consider your research question, identify which agency and which level of government is most likely to provide data on your topic. two components to keep in mind are the level of government (international to local) and the discipline area (e.g., demographics, economics, environment, crime). government data sources       international open data index un data eu data  world bank get started       national  epa nasa us census state county city datasf la county  open data ca open data portal ca dept. public health data.gov global open data index</slidetext>
      <slidetext slideid="5oVy5zhIaK9.6dKvIHCXJuW" slidebank="false" type="slide">the best places to find non-summarized published datasets are in research data portals and government sources.   the best places to find summarized data are secondary data portals and government data sources.   the best places to find ready-made visualizations are web searches and, specifically, news sources.   the best places to find peer reviewed information is in library databases. web searches too will lead you back to access via library subscriptions.    summary datasets summary datasets summary datasets summary datasets library  databases library  databases library  databases library  databases government data sources government data sources government data sources government data sources match your data need with  the best places to search web search web search web search web search secondary data portals secondary data portals secondary data portals secondary data portals data in the news data in the news data in the news data in the news existing visualizations existing visualizations existing visualizations existing visualizations published datasets published datasets published datasets published datasets peer reviewed information peer reviewed information peer reviewed information peer reviewed information    what do you need? where do you search?   data search strategies research data portals research data portals research data portals research data portals data presentation types hover over the data types hexagons to see the matching search strategies.</slidetext>
      <slidetext slideid="5oVy5zhIaK9.5nzhVgZb8XX" slidebank="false" type="slide"> “finding data: general web searching,” kennedy library, oct. 1, 2019. watch this video to see an example of how a dataset was located by starting with a general web search.  </slidetext>
      <slidetext slideid="6mcv4FkBkpt.6bUyR1DhKYz" slidebank="false" type="slide">the notebook is a worksheet that guides your search for data sources on your topic. fill out the online form and hit submit at the bottom. you will receive a copy of your submission that you can share with your instructor. purpose instructions  finding data notebook  bit.ly/data-notebook now that you’ve completed the tutorial, you are ready to search for data sources on your topic! </slidetext>
      <slidetext slideid="6mcv4FkBkpt.6dEUWYQfI44" slidebank="false" type="slide"> meet with the data &amp; gis specialist, russ white, or meet with our skilled student peer assistants located on the 1st floor of kennedy library, at the data &amp; gis desk in rm 111 in hub24. see staff hours &amp; availability for hours to drop-in or to make an appointment. staff hours &amp; availability    we provide help for finding datasets and using software tools, building skills, applying gis and data visualization, and more. data &amp; gis help desk – kennedy library, rm. 111, hub 24</slidetext>
      <slidetext slideid="6mcv4FkBkpt.5uS8MWsiHxD" slidebank="false" type="slide">give feedback give feedback give feedback restart tutorial restart tutorial restart tutorial thank you for taking the time to learn about data search strategies and sources! we hope you feel more confident about searching for data.   thank you</slidetext>
      <slidetext slideid="5bkv6DdyieK.6bPRGRToa35" slidebank="false" type="slide">knowledge check questions    answer the following scenarios and questions to check your understanding of data search strategies.</slidetext>
      <slidetext slideid="5bkv6DdyieK.5cTaWzB4UZ1" slidebank="false" type="slide">remember that a published dataset may be more difficult to find, and have more information than you need, initially. it may be best to search for data that is already summarized, before delving further into the topic for more exploration.   yes, there’s likely to be some good summary data that would help provide context for your audience.  yes, like summary datasets, there may be existing visuals. on this topic, many visuals are geared toward illustrating the technology or the process, which also may turn out to be valuable in the presentation.  while peer reviewed articles are high quality, they are often very focused, and may not provide a good sense of overall context or provide good background data.  summary datasets summary datasets summary datasets summary datasets existing visualizations existing visualizations existing visualizations existing visualizations peer reviewed information peer reviewed information peer reviewed information peer reviewed information  for an upcoming presentation, you’re required to utilize data, specifically to help introduce and provide context on the topic of facial recognition technology.  what type of data product would you search for first?  scenario one published datasets published datasets published datasets published datasets</slidetext>
      <slidetext slideid="5bkv6DdyieK.5Yj1zDNjeeJ" slidebank="false" type="slide">while you're likely to see data presented in peer reviewed papers on the topic, these can be focused very narrowly on the particular aspect of the topic presented in the research paper.  yes, and with an effective search you could find credible news or other technical reporting that may lead to datasets, researchers or other connections to underlying data sources. you’ll also become more familiar with the terminology associated with the topic, to continue to refine your searches.  as with the information presented in a peer-reviewed publication, data within a research data portal will be focused narrowly. as you delve into your topic further, and wish to explore these datasets, this could be a high quality source of data for analysis.   often, diving into government data sources directly can be difficult to navigate, without already having an in-depth understanding of the topic. in addition, for new and emerging issues such as this, there may not yet be a large amount of data available from government data collection programs.   a general web search a general web search a general web search a general web search searching within a research data portal searching within a research data portal searching within a research data portal searching within a research data portal searching for data in government data sources searching for data in government data sources searching for data in government data sources searching for data in government data sources   you have chosen a research topic about machine learning algorithms for wind  power generation. you need to become more familiar with the topic and the types of data that may be available.  what would be your choice to begin your search?  scenario two searching for data within a peer reviewed article searching for data within a peer reviewed article searching for data within a peer reviewed article searching for data within a peer reviewed article</slidetext>
      <slidetext slideid="5bkv6DdyieK.6NMayjw5khs" slidebank="false" type="slide">correct! for an in-depth analysis on the effects of this education program, you would need research data. there is likely to be existing data from prior researchers available for your analysis.  this can be the place to start looking, but this kind of data is usually more specific. your general web searches may help lead you to the proper repository.   you may find overviews or trends (e.g. crime statistics over the last five years), but the summary data alone can not be used for a cause and effect analysis.   it’s not a bad place to start, but news articles are unlikely to directly contain the detail of data you will need for your analysis.  a general web search a general web search a general web search a general web search secondary data portal secondary data portal secondary data portal secondary data portal data in the news data in the news data in the news data in the news   for your senior project, you are looking for data to analyze the effect of prison education programs on the rate of recidivism (crime relapse).  where are you likely to find a dataset that meets your needs?  scenario three research data portal research data portal research data portal research data portal</slidetext>
      <slidetext slideid="6MAyeaISaKi" slidebank="true" type="slide">while it’s not always the case, peer reviewed publications often have rather technical visualizations, and may not be the best suited for presentation to a general audience. incorrect that is incorrect. please try again. try again try again try again try again try again try again incorrect almost there! the key characteristic of peer-reviewed information is that it has been reviewed by experts in the field, and published through a reputable publisher. peer reviewed information can be found in library or academic databases, and may include summary data, images, or visualizations. while it’s not always the case, peer reviewed publications often have rather technical visualizations, and may not be the best suited for presentation to a general audience. continue continue continue continue continue continue correct that's right!  the key characteristic of peer-reviewed information is that it has been reviewed by experts in the field, and published through a reputable publisher. peer reviewed information can be found in library or academic databases, and may include summary data, images, or visualizations. while it’s not always the case, peer reviewed publications often have rather technical visualizations, and may not be the best suited for presentation to a general audience. continue continue continue continue continue continue  peer reviewed information which of the following statements apply to peer reviewed information?   it is reviewed by experts in the author’s field before publication. it is reviewed by experts in the author’s field before publication. it is reviewed by experts in the author’s field before publication. it is reviewed by experts in the author’s field before publication. it is reviewed by experts in the author’s field before publication. it is reviewed by experts in the author’s field before publication. it is reviewed by your peers. it is reviewed by your peers. it is reviewed by your peers. it is reviewed by your peers. it is reviewed by your peers. it is reviewed by your peers. it can be found in library or academic databases. it can be found in library or academic databases. it can be found in library or academic databases. it can be found in library or academic databases. it can be found in library or academic databases. it can be found in library or academic databases. it may include summary data, images, or visualizations. it may include summary data, images, or visualizations. it may include summary data, images, or visualizations. it may include summary data, images, or visualizations. it may include summary data, images, or visualizations. it may include summary data, images, or visualizations. it is the best source of well designed visuals and graphics. it is the best source of well designed visuals and graphics. it is the best source of well designed visuals and graphics. it is the best source of well designed visuals and graphics. it is the best source of well designed visuals and graphics. it is the best source of well designed visuals and graphics. 4 select all that apply</slidetext>
      <slidetext slideid="5uF4Extre8l" slidebank="true" type="slide">when looking for data sources, infographics may not be the best place to look. certainly, infographics can be useful for viewing example visualizations. incorrect something is wrong in your response. try again. try again try again try again try again try again try again incorrect something is wrong in your response. if you selected the keywords datasets, research data, and statistics, you’re on the right track! continue continue continue continue continue continue correct that’s right! you selected the best keywords for searching for data on the web. these terms could help you find quick facts and statistics, summary datasets, and source datasets. continue continue continue continue continue continue  web search tips when searching for data on the web, which of the following keywords are the best to use in addition to your topic? select all that apply.  research data research data research data research data research data research data infographic infographic infographic infographic infographic infographic datasets datasets datasets datasets datasets datasets statistics statistics statistics statistics statistics statistics 5 select all that apply</slidetext>
      <slidetext slideid="5vargPOX4xV" slidebank="true" type="slide">when searching data in the news, you might be able to track down source data by looking at captions for attributions. when searching secondary data portals, you can get access to data from a variety of original sources.  when research data portals, you can find discipline-specific data collected in new and original research. incorrect something is wrong in your response. try again. try again try again try again try again try again try again incorrect you did not select the correct response. continue continue continue continue continue continue correct that's right!  you selected the correct response. continue continue continue continue continue continue  where do you search? drag and drop the search strategy to its correct description. 6 secondary data portals data in the news research data portals       when searching here, you can get access to data from a variety of original sources.  when searching here, you can find discipline-specific data collected in new and original research. when searching here, you might be able to track down source data by looking at captions for attributions. </slidetext>
    </search>
  </nav_data>
  <resource_data description="&lt;p align='left'&gt;&lt;font face='Lato' style='font-size: 11px;' size='11' color='#B4B4B4'&gt;Here are some useful links and documents:&lt;/font&gt;&lt;/p&gt;">
    <resources>
      <resource url="https://cpslo-primo.hosted.exlibrisgroup.com/permalink/f/39e239/01CALS_ALMA71390668050002901" image="story_content/url.png" title="Storytelling with Data by Cole Nussbaumer Knaflic" />
      <resource url="https://material.io/design/communication/data-visualization.html?source=post_page---------------------------" image="story_content/url.png" title="Data Visualization (Material Design)" />
      <resource url="https://guides.lib.calpoly.edu/intro-to-data-viz/data-sources" image="story_content/url.png" title="Introduction to Data Visualization Guide" />
      <resource url="https://guides.lib.calpoly.edu/intro-to-data-viz/data-sources" image="story_content/url.png" title="Data Sources List" />
    </resources>
  </resource_data>
  <transcript_data>
    <slidetranscripts>
      <slidetranscript slideid="5oVy5zhIaK9.6bWPKBhbL32" slidebank="false" type="slide" noteswf="" notespng="" pathlib="Lib" pathindex="0">&lt;Document xmlns:xsi="http://www.w3.org/2001/XMLSchema-instance" xmlns:xsd="http://www.w3.org/2001/XMLSchema"&gt;
  &lt;Content&gt;
    &lt;Block&gt;
      &lt;Span Text="Incorporating data and visualizations in your work can be an effective way to communicate findings, support your argument, and present information that will stick with your audience. However, finding the right data, and finding that data in a form that you can utilize, is a challenge. &amp;#xD;&amp;#xA;" /&gt;
    &lt;/Block&gt;
    &lt;Block&gt;
      &lt;Span Text="The purpose of this tutorial is to illustrate effective strategies for finding data that you can utilize with your existing research skills&amp;#xD;&amp;#xA;" /&gt;
    &lt;/Block&gt;
    &lt;Block&gt;
      &lt;Span Text="Since there are hundreds of of potential sites and sources where data can be found, this is less about knowing where to search- but rather, developing a thought process that can reliably lead you to the data you need.&amp;#xD;&amp;#xA;" /&gt;
    &lt;/Block&gt;
    &lt;Block /&gt;
  &lt;/Content&gt;
&lt;/Document&gt;</slidetranscript>
      <slidetranscript slideid="5oVy5zhIaK9.6ZNmEEWaoDh" slidebank="false" type="slide" noteswf="" notespng="" pathlib="Lib" pathindex="1">&lt;Document xmlns:xsi="http://www.w3.org/2001/XMLSchema-instance" xmlns:xsd="http://www.w3.org/2001/XMLSchema"&gt;
  &lt;Content&gt;
    &lt;Block&gt;
      &lt;Span Text="Datasets are made available through a data production process.  That is, data must be first be collected and organized; by researchers, by businesses, government organizations and others. Of course, not all of the data that are collected at this stage are made available. The collected data are often reviewed and cleaned, and then made available as a Published Dataset. Finally, this data may go through further analysis or summary, to be presented as key findings.&amp;#xD;&amp;#xA;" /&gt;
    &lt;/Block&gt;
    &lt;Block&gt;
      &lt;Span Text="As you begin searching for data, it can be helpful to identify what types of data products you encounter, and to consider how they were produced through this process.&amp;#xD;&amp;#xA;" /&gt;
    &lt;/Block&gt;
    &lt;Block /&gt;
  &lt;/Content&gt;
&lt;/Document&gt;</slidetranscript>
      <slidetranscript slideid="5oVy5zhIaK9.6D3NJaxATFT" slidebank="false" type="slide" noteswf="" notespng="" pathlib="Lib" pathindex="2">&lt;Document xmlns:xsi="http://www.w3.org/2001/XMLSchema-instance" xmlns:xsd="http://www.w3.org/2001/XMLSchema"&gt;
  &lt;Content&gt;
    &lt;Block&gt;
      &lt;Span Text="Here are a few guiding questions that can help direct your data search. Each provides a pathway for learning more about the topic, learning what data exists, and learning where that data can be found. Take a few moments to consider these questions in relation to your topic.&amp;#xD;&amp;#xA;" /&gt;
    &lt;/Block&gt;
    &lt;Block&gt;
      &lt;Span Text="Who collects and publishes data on the topic?&amp;#xD;&amp;#xA;" /&gt;
    &lt;/Block&gt;
    &lt;Block&gt;
      &lt;Span Text="How has this been reported in the news?&amp;#xD;&amp;#xA;" /&gt;
    &lt;/Block&gt;
    &lt;Block&gt;
      &lt;Span Text="How has this topic been researched by others?&amp;#xD;&amp;#xA;" /&gt;
    &lt;/Block&gt;
    &lt;Block&gt;
      &lt;Span Text="Do other sites aggregate data on this topic?&amp;#xD;&amp;#xA;" /&gt;
    &lt;/Block&gt;
    &lt;Block&gt;
      &lt;Span Text="Depending on your topic, not all questions may be applicable, but these usually provide some good ideas on where to look next.&amp;#xD;&amp;#xA;" /&gt;
    &lt;/Block&gt;
    &lt;Block /&gt;
  &lt;/Content&gt;
&lt;/Document&gt;</slidetranscript>
      <slidetranscript slideid="5oVy5zhIaK9.5iu3zh42B9e" slidebank="false" type="slide" noteswf="" notespng="" pathlib="Lib" pathindex="3">&lt;Document xmlns:xsi="http://www.w3.org/2001/XMLSchema-instance" xmlns:xsd="http://www.w3.org/2001/XMLSchema"&gt;
  &lt;Content&gt;
    &lt;Block&gt;
      &lt;Span Text="The rest of the tutorial is organized in two categories. First, what kind of data do you need, and that’s in terms of how the data is presented. For example, sometimes you need quick summary data, while other times you need a full published dataset to conduct your own analysis. Often this distinction can direct where to search. So the question of what do you need and where to search go hand-in-hand. Second, there are many places where data can be found. This outlines a few different approaches you can take to look for data.&amp;#xD;&amp;#xA;" /&gt;
    &lt;/Block&gt;
    &lt;Block&gt;
      &lt;Span Text="In the following slides you can explore each of these options further and form connections between what do you need and where to search. &amp;#xD;&amp;#xA;" /&gt;
    &lt;/Block&gt;
    &lt;Block /&gt;
  &lt;/Content&gt;
&lt;/Document&gt;</slidetranscript>
    </slidetranscripts>
  </transcript_data>
  <glossary_data />
</bwFrame>